"","twitter_id","screen_name","favorites_count","followers_count","friends_count","listed_count","statuses_count","creation_date","creation_time","location","link_color","sidebar_border_color","sidebar_fill_color","text_color","party"
"1",15630931,"johannesvogel",6636,11551,2203,446,10053,"2008-07-28","12:19:51","Berlin / NRW","1DA1F2","C0DEED","DDEEF6","333333","F"
"2",15686106,"MatthiasHoehn",881,4644,572,198,2630,"2008-08-01","05:44:01","Altmark Magdeburg Berlin","E2000F","FFFFFF","DEDEDE","0","L"
"3",15943222,"hubertus_heil",2299,64361,3593,936,4308,"2008-08-22","10:14:26","Peine Gifhorn Berlin","0000FF","87BC44","E0FF92","0","S"
"4",16255941,"larsklingbeil",10003,38540,1510,825,19073,"2008-09-12","12:58:06","Munster Niedersachsen D","E60003","E60003","FFFFFF","0","S"
"5",16325209,"solms",12,6373,669,402,1706,"2008-09-17","07:49:56","Lich Berlin","2C23E7","0","F0F016","383838","F"
"6",16337664,"Volker_Beck",11490,89937,7155,1680,62644,"2008-09-17","21:38:23","Berlin Deutschland","3B94D9","829D5E","B3EE17","3E4415","G"
"7",16345935,"rainerstinner",10,1118,1133,119,212,"2008-09-18","12:22:58","Berlin / Munich","0084B4","B3C4DC","C6D2E2","333333","F"
"8",16361044,"wanderwitz",21148,3716,945,175,12674,"2008-09-19","08:33:36","Hohenstein-Ernstthal","1DA1F2","C0DEED","DDEEF6","333333","C"
"9",16364201,"JosefWinkler",213,3428,0,242,2735,"2008-09-19","14:55:53","Bad Ems","9B0D0D","DFDFDF","F3F3F3","333333","G"
"10",16557497,"anked",6253,30159,2267,1169,86787,"2008-10-02","10:12:46","Germany","F88017","FFFFFF","3DF022","2C1C1F","L"
"11",16674128,"nouripour",2818,16367,5287,632,16034,"2008-10-09","21:23:15","Frankfurt/Germany","193D5C","114145","2F50A7","020C27","G"
"12",16696924,"tpflueger",124,2591,5001,105,338,"2008-10-11","15:25:31","Freiburg / Berlin","FF3300","86A4A6","A0C5C7","333333","L"
"13",16698636,"Arfst_Wagner",272,1152,951,86,1813,"2008-10-11","18:32:38","","1F98C7","C6E2EE","DAECF4","663B12","G"
"14",17343047,"sven_kindler",20682,11146,1267,518,26505,"2008-11-12","16:51:14","","0084B4","BDDCAD","B1B3E2","333333","G"
"15",17462171,"florian_toncar",378,3253,1011,185,1753,"2008-11-18","10:55:06","Berlin Deutschland","1F98C7","C6E2EE","DAECF4","663B12","F"
"16",17469649,"larscastellucci",2010,4001,1448,188,3633,"2008-11-18","20:02:03","Wiesloch","EC0000","FFFFFF","FFFFFF","1C4C5C","S"
"17",17483463,"ManuelHoeferlin",745,5514,982,320,3744,"2008-11-19","10:16:23","Rheinhessen und Berlin","E5007D","00519E","FBEE31","333333","F"
"18",17535941,"christianduerr",1275,2333,661,114,948,"2008-11-21","13:20:23","Berlin / Ganderkesee","878787","FFFFFF","2C3277","878787","F"
"19",17561226,"torstenherbst",413,1064,253,71,756,"2008-11-22","19:02:47","Dresden","3B94D9","86A4A6","A0C5C7","333333","F"
"20",17675072,"MartinSchulz",935,697317,3271,4418,4606,"2008-11-27","10:49:00","","0084B4","FFFFFF","DDFFCC","333333","S"
"21",17752770,"KonstantinNotz",5053,56085,2765,1103,22257,"2008-11-30","11:20:58","Schleswig-Holstein und Berlin","88253","D3D2CF","E3E2DE","634047","G"
"22",17922403,"ManuelSarrazin",1272,4696,583,234,3964,"2008-12-06","14:31:27","Harburg an der Elbe","1FA12D","FFFFFF","DDEEF6","333333","G"
"23",17960911,"smuellermdb",543,5340,209,262,1419,"2008-12-08","11:34:51","Erlangen","0","333333","ABABAB","333333","C"
"24",18000943,"jimmyschulz",3089,9236,1420,477,6521,"2008-12-09","20:14:10","München Berlin Berchtesgaden","0099CC","FFFFFF","FBEE31","3D1957","F"
"25",18044683,"Otto_Fricke",3864,10258,314,413,7743,"2008-12-11","09:50:36","Krefeld / Berlin  Deutschland","0099B9","5ED4DC","E6CF37","3C3940","F"
"26",18103366,"MariaKlSchmeink",8072,4047,1148,264,11055,"2008-12-13","19:27:20","Münster","1DA1F2","C0DEED","DDEEF6","333333","G"
"27",18160122,"DennisRohde",269,1516,377,117,2129,"2008-12-16","10:44:02","","0","FFFFFF","B40116","0","S"
"28",18189342,"f_schaeffler",464,10223,5629,369,6566,"2008-12-17","14:10:38","Ostwestfalen-Lippe","2F547F","DFE5EC","DFE5EC","3366","F"
"29",18668620,"rainerspiering",1,357,64,57,136,"2009-01-06","09:39:17","Bad Rothenfelde Germany","FF3300","86A4A6","A0C5C7","333333","S"
"30",18723339,"NicoleMaisch",967,4043,324,269,2306,"2009-01-07","14:51:12","","93A644","EEEEEE","FFFFFF","333333","G"
"31",18761526,"schroeder_k",1492,49122,702,1430,4264,"2009-01-08","12:04:10","Wiesbaden Germany","333333","FFFFFF","FF9900","333333","C"
"32",18866407,"Halina_Waw",5443,12246,652,593,34769,"2009-01-11","13:22:47","Berlin","1B95E0","9DA399","EAECE9","0","S"
"33",18880634,"KatjaSuding",1527,9121,427,269,2152,"2009-01-11","21:36:34","Hamburg","1DA1F2","C0DEED","DDEEF6","333333","F"
"34",18933321,"Linksfraktion",4659,65389,1097,834,29171,"2009-01-13","08:51:53","Berlin","FF0000","999999","EAEEF0","333333","L"
"35",19108071,"HBraun",753,15929,849,367,3478,"2009-01-17","11:45:46","Berlin und Gießen","999999","DEDEDE","BABABA","0","C"
"36",19257571,"FlorianPronold",1338,14347,3401,516,5043,"2009-01-20","21:09:20","Germany","C40010","FFFFFF","EFEFEF","333333","S"
"37",19286748,"matschie",148,1629,226,160,845,"2009-01-21","13:17:21","Jena Deutschland","4682B4","FFFFFF","559DB3","0","S"
"38",19438957,"baerbelbas",7956,3676,1557,254,4772,"2009-01-24","09:39:46","Germany","FF0000","FFFFFF","FFF7CC","0C5344","S"
"39",19738866,"katjadoerner",3508,9050,373,443,10637,"2009-01-29","22:24:28","Bonn","1DA1F2","C0DEED","DDEEF6","333333","G"
"40",20840049,"W_SK",6683,6427,2578,388,17965,"2009-02-14","10:16:47","Frankfurt/ Offenbach","19CF86","0","0","0","G"
"41",20877217,"UlrichKelber",998,21068,335,732,28867,"2009-02-14","22:55:21","Bonn","0084B4","BDDCAD","DDFFCC","333333","S"
"42",20916357,"RuedigerKruse",516,2205,1258,175,1709,"2009-02-15","15:44:24","Hamburg","08090A","0","D4D4D4","333333","C"
"43",20986770,"Diether_Dehm",479,5776,3193,267,3291,"2009-02-16","14:00:12","Germany","E01616","F2E195","FFF7CC","0C3E53","L"
"44",21144568,"OlliLuksic",25968,5350,2945,291,27670,"2009-02-17","23:17:52","Saarland Berlin Europa","0084B4","C0DEED","DDEEF6","333333","F"
"45",21197524,"tobiaslindner",9048,4480,2210,223,4945,"2009-02-18","13:58:56","Berlin Deutschland","298A08","BDDCAD","DDFFCC","333333","G"
"46",21267421,"KatrinHelling",150,1499,695,76,961,"2009-02-19","02:19:12","Hagen","E63A50","FFFFFF","EED96D","0F9A89","F"
"47",21287514,"voglerk",3180,3166,2356,178,7154,"2009-02-19","10:10:30","Emsdetten Germany","E81C4F","0","0","0","L"
"48",21404382,"CarenLay",4824,8260,782,333,3651,"2009-02-20","15:21:06","","C2245C","C0DEED","DDEEF6","333333","L"
"49",21579707,"marlenemortler",25,3574,134,246,3439,"2009-02-22","17:20:16","Lauf an der Pegnitz","1F98C7","C6E2EE","DAECF4","663B12","C"
"50",21618829,"joloulou",180,1261,421,47,126,"2009-02-23","01:13:58","Saarland","1DA1F2","C0DEED","DDEEF6","333333","S"
"51",21791639,"swenschulz",257,3819,749,249,1160,"2009-02-24","20:14:10","Berlin","1DA1F2","C0DEED","DDEEF6","333333","S"
"52",22125770,"ekindeligoez",1593,7144,1141,344,9459,"2009-02-27","09:59:05","","46962B","FFFFFF","FFFFFF","333333","G"
"53",22142658,"karinbinder",1,1611,374,172,983,"2009-02-27","14:11:10","Karlsruhe","DB000D","DB000D","F2F4F6","003C64","L"
"54",22260144,"petertauber",10051,188141,1166,956,22490,"2009-02-28","14:36:49","Gelnhausen","065B7A","BDDCAD","FF9114","18224E","C"
"55",22364234,"MarcusFaber",2582,1114,595,62,5676,"2009-03-01","13:59:34","Stendal Sachsen-Anhalt","0099CC","FFF8AD","F6FFD1","333333","F"
"56",22755312,"KemmerichThL",631,2654,2263,129,3901,"2009-03-04","10:26:54","Erfurt Germany","0084B4","BDDCAD","DDFFCC","333333","F"
"57",22900494,"BaerbelHoehn",546,15649,1771,584,6442,"2009-03-05","09:16:00","Oberhausen Berlin","65870D","D3D2CF","E3E2DE","634047","G"
"58",22908417,"JM_Luczak",3410,2452,342,124,1786,"2009-03-05","11:25:35","Berlin","2FC2EF","181A1E","252429","666666","C"
"59",23248102,"CanselK",4721,4319,1087,186,3049,"2009-03-07","23:27:23","Berlin","990066","0","DDEEF6","333333","S"
"60",23296367,"Ingmar_Jung",283,1571,654,74,703,"2009-03-08","10:47:11","","1DA1F2","C0DEED","DDEEF6","333333","C"
"61",23447001,"AMattfeldt",1,278,88,87,127,"2009-03-09","15:22:39","Völkersen","1DA1F2","C0DEED","DDEEF6","333333","C"
"62",23925041,"SteffenBilger",4797,4301,743,238,2775,"2009-03-12","09:30:05","Ludwigsburg / Berlin","1DA1F2","C0DEED","DDEEF6","333333","C"
"63",24158261,"HeikoMaas",800,316865,3142,1403,5369,"2009-03-13","11:37:00","Saarlouis/Berlin","990066","FFFFFF","DDEEF6","333333","S"
"64",24178198,"LoetzschMdB",7810,4960,1033,260,4410,"2009-03-13","14:23:41","Berlin Bundestag","E92F3A","0","C9C5C5","634578","L"
"65",24674518,"BerndSiebert",0,1966,874,159,295,"2009-03-16","10:39:51","Gudensberg Germany","838586","181A1E","232325","DB7E06","C"
"66",24725119,"GrueneBundestag",4795,101294,789,1407,19981,"2009-03-16","16:59:39","Deutschland Berlin","0067AD","FFFFFF","E3E2DE","634047","G"
"67",25816024,"GabiHillerOhm",260,3352,364,265,14867,"2009-03-22","13:15:56","Lübeck","0E32B2","0E32B2","529","09C9C9","S"
"68",25978797,"silviaschmidt",0,1277,296,122,328,"2009-03-23","10:05:45","Germany Saxony-Anhalt","E2001A","0","FF7575","0","S"
"69",25980076,"cad59",40,1341,35,157,1148,"2009-03-23","10:24:55","Strande","1B95E0","00519E","FBEE31","000D5A","F"
"70",26102710,"SCLemme",2350,2100,1602,183,2694,"2009-03-23","22:08:56","Thüringen Wahlkreis 191","772226","202618","AF1229","ACA0A0","S"
"71",26203837,"Elke_Ferner",4465,7552,1979,352,6365,"2009-03-24","09:09:19","Saarbrücken","990066","FFFFFF","EDECE9","3D1957","S"
"72",26713568,"michaelaengel",3661,3754,1968,141,7015,"2009-03-26","08:53:19","Engelskirchen","4E2448","FFFFFF","DDFFCC","333333","S"
"73",26869088,"franksteffel",738,2648,454,192,1529,"2009-03-26","22:18:19","Berlin Reinickendorf","0084B4","FFFFFF","E8E8E8","333333","C"
"74",28066013,"katjakipping",2643,89133,368,1107,6904,"2009-04-01","06:57:45","Dresden Berlin","DE2922","0","0","0","L"
"75",28087038,"franksitta",8406,2935,1765,144,8229,"2009-04-01","11:12:09","Sachsen-Anhalt Deutschland","042F85","0","0","0","F"
"76",28089973,"josefoster",174,498,276,39,243,"2009-04-01","11:40:24","Koblenz Deutschland","C4B4B1","86A4A6","A0C5C7","333333","C"
"77",28327765,"DanielaKluckert",1445,1524,497,61,632,"2009-04-02","12:28:07","Berlin Deutschland","1DA1F2","C0DEED","DDEEF6","333333","F"
"78",28446356,"VolkerUllrich",1095,2772,988,149,1833,"2009-04-02","23:25:37","Augsburg und Berlin","0084B4","1F1D1D","F0F039","333333","C"
"79",28525166,"DWoehrl",3421,12416,1963,456,14696,"2009-04-03","07:54:13","Nürnberg und Berlin","1DA1F2","C0DEED","DDEEF6","333333","C"
"80",28784085,"MartinRosemann",7412,1670,612,131,4262,"2009-04-04","12:29:11","Berlin","FF0000","F2E195","FFF7CC","0C3E53","S"
"81",29540300,"bstrasser",1241,1909,1107,66,1894,"2009-04-07","20:46:18","Berg","ABB8C2","AE7422","EBEBEB","0","F"
"82",29858729,"JuliaKloeckner",4272,58543,1545,1110,27171,"2009-04-08","23:48:09","","0084B4","BDDCAD","DDFFCC","333333","C"
"83",30050484,"FrankSchwabe",1991,5044,878,263,10084,"2009-04-09","19:39:53","","FF3300","86A4A6","A0C5C7","333333","S"
"84",30838821,"Andreas_Rimkus",621,1491,560,128,2870,"2009-04-13","09:46:24","Düsseldorf NRW Deutschland","E70D1A","FFFFFF","FEFBFB","161212","S"
"85",33043294,"VolkmarKlein",4,1565,60,154,285,"2009-04-18","23:02:55","Berlin","0084B4","C0DEED","DDEEF6","333333","A"
"86",33071479,"Erwin_Rueddel",1610,3967,231,270,12277,"2009-04-19","00:47:55","Windhagen Kreis Neuwied","0","E32C23","878684","FF9900","C"
"87",35687457,"kahrs",120637,21377,4235,581,114728,"2009-04-27","06:23:08","Hamburg","C11E1E","C11E1E","95BBC6","333333","S"
"88",35846585,"EvaHoegl",20589,12495,3090,533,13365,"2009-04-27","20:14:48","Berlin","1DA1F2","C0DEED","DDEEF6","333333","S"
"89",36068306,"guentergloser",25,2582,1987,231,2756,"2009-04-28","13:48:20","Nürnberg","17184F","F4E13E","F36239","333333","S"
"90",36327895,"SoenkeRix",2464,5634,1393,318,10182,"2009-04-29","10:16:00","Eckernförde","FF0000","F2E195","FFF7CC","0C3E53","S"
"91",36329898,"BurkertMartin",692,1083,603,92,413,"2009-04-29","10:35:45","Nuremberg Bavaria","DD2E44","0","0","0","S"
"92",36665085,"LischkaB",1400,3498,614,257,8084,"2009-04-30","13:47:04","Magdeburg / Berlin","0084B4","C0DEED","DDEEF6","333333","S"
"93",37105136,"tj_tweets",1417,12441,728,509,8245,"2009-05-02","01:39:20","Düsseldorf Germany","990000","FFFFFF","F3F3F3","333333","C"
"94",37438947,"MechthildRawert",1320,2953,1078,197,14029,"2009-05-03","15:46:36","Berlin","1DA1F2","C0DEED","DDEEF6","333333","S"
"95",37642893,"ChristianHirte",4231,4282,238,262,9156,"2009-05-04","11:44:48","Tiefenort/ Berlin","0499CF","FFFFFF","F7AF1E","333333","C"
"96",38001527,"rbrinkhaus",57,12555,463,303,1063,"2009-05-05","19:45:20","Gütersloh","1DA1F2","C0DEED","DDEEF6","333333","C"
"97",38168399,"paul_schaefer",3,1224,160,125,409,"2009-05-06","12:38:35","Köln","0084B4","BDDCAD","DDFFCC","333333","L"
"98",38228691,"starkwatzinger",6290,1742,399,39,914,"2009-05-06","17:25:30","Bad Soden","1DA1F2","C0DEED","DDEEF6","333333","F"
"99",38272947,"HiltrudLotze",0,374,35,54,121,"2009-05-06","20:49:41","Lüneburg","1DA1F2","C0DEED","DDEEF6","333333","S"
"100",38467606,"juergenhardt",364,4027,567,275,3616,"2009-05-07","16:53:05","Remscheid Solingen Wuppertal","5C9FE6","FFFFFF","DDEEF6","333333","C"
"101",38645930,"edrossmann",72,2454,132,196,626,"2009-05-08","11:17:22","Kreis Pinneberg","EB272A","FFFFFF","D0DCE7","333333","S"
"102",39709752,"KerstinGriese",18613,5693,2512,265,10416,"2009-05-13","07:41:00","Niederberg und Ratingen","E20019","FFFFFF","CCE1F9","0","S"
"103",39938182,"TSchipanski",17895,3064,134,260,21863,"2009-05-14","05:53:10","Thüringen","F49A00","FFFFFF","F49B00","444444","C"
"104",39999872,"kaiwegner",2495,3690,716,263,3422,"2009-05-14","14:07:45","Germany Berlin Spandau","0084B4","FFFFFF","FE982A","4B5F77","C"
"105",40451562,"terpeundteam",40,1735,263,191,1052,"2009-05-16","11:56:38","Mecklenburg-Vorpommern","0084B4","BDDCAD","DDFFCC","333333","G"
"106",41548943,"KerstinAndreae",1768,7472,1643,370,2403,"2009-05-21","07:45:36","","0084B4","C0DEED","DDEEF6","333333","G"
"107",41840905,"NadineSchoen",589,8479,1125,352,3035,"2009-05-22","16:06:06","","88253","D3D2CF","E3E2DE","634047","C"
"108",42099932,"AstridKlug",7,1078,148,84,282,"2009-05-23","21:21:24","Homburg/Saar und Berlin","1DA1F2","C0DEED","DDEEF6","333333","S"
"109",42401449,"NielsAnnen",9451,9325,1010,336,6819,"2009-05-25","13:06:24","Hamburg","1DA1F2","C0DEED","DDEEF6","333333","S"
"110",42698498,"RKiesewetter",12378,7760,6946,364,16544,"2009-05-26","19:29:44","Aalen-Heidenheim Berlin","990000","999999","F3F3F3","333333","C"
"111",42948881,"AgnesKrumwiede",409,4036,995,242,1925,"2009-05-27","19:06:42","Ingolstadt (Bayern)","1DA1F2","C0DEED","DDEEF6","333333","G"
"112",43537931,"PatrickSensburg",324,2175,94,170,1037,"2009-05-30","14:52:10","Hochsauerlandkreis","0084B4","C0DEED","EBEBEB","333333","C"
"113",43959185,"FrankHeinrich",2,1752,3,169,1175,"2009-06-01","20:03:31","Chemnitz","1DA1F2","C0DEED","DDEEF6","333333","C"
"114",44359035,"Ingrid_Nestle",58,1671,242,130,226,"2009-06-03","13:34:51","Berlin & Elmshorn","19CF86","0","0","0","G"
"115",46085533,"cducsubt",7246,104081,805,1189,17636,"2009-06-10","10:54:48","Berlin","E0001B","FFFFFF","EAEAEA","0","C"
"116",46480553,"UweKekeritz",339,2497,633,175,2374,"2009-06-11","20:22:05","Uffenheim / Berlin","D02B55","829D5E","99CC33","3E4415","G"
"117",46498076,"stonie_kiel",1388,1079,1055,55,2942,"2009-06-11","21:36:58","","FF0000","F2E195","FFF7CC","0C3E53","S"
"118",47049428,"BeateWaRo",2944,2742,576,172,8934,"2009-06-14","06:48:25","München/Germering/Dachau/FFB","B40B43","CC3366","E5507E","362720","G"
"119",47375691,"SWagenknecht",0,400355,67,1556,1342,"2009-06-15","16:33:09","Düsseldorf/Berlin","80808","FF1500","FF1500","0A0101","L"
"120",47698123,"Klimke_CDU",0,1470,578,176,254,"2009-06-16","18:20:01","Wahlkreis Hamburg-Wandsbek","B0B0B0","FFFFFF","F2F2F2","0","C"
"121",47990090,"drthomasfeist",1723,2692,184,207,11533,"2009-06-17","15:09:57","Leipzig","0084B4","BDDCAD","DDFFCC","333333","C"
"122",49450039,"DrAndreasNick",12876,4266,5665,198,20404,"2009-06-21","22:26:05","Montabaur/Ww.","1DA1F2","C0DEED","DDEEF6","333333","C"
"123",50932086,"rischwasu",2566,3098,378,257,4787,"2009-06-26","05:09:54","Kreis Waldshut","0084B4","BDDCAD","DDFFCC","333333","S"
"124",51483238,"thomasgebhart",386,2547,377,221,1175,"2009-06-27","16:33:33","Jockgrim","93A644","EEEEEE","FFFFFF","333333","C"
"125",51752254,"StefanKaufmann",877,5142,2886,311,12524,"2009-06-28","15:14:58","Stuttgart und Berlin","0084B4","0","E5E5E5","333333","C"
"126",52119203,"marcobuelow",9901,13204,332,437,12538,"2009-06-29","17:14:15","Ruhrgebiet / Berlin","0084B4","FFFFFF","FFCA8A","333333","S"
"127",52431948,"ebner_sha",931,4138,540,250,6114,"2009-06-30","15:56:19","Germany","D02B55","829D5E","99CC33","3E4415","G"
"128",52994606,"matthiaszimmer",78,994,158,121,959,"2009-07-02","06:45:11","Frankfurt Berlin","D97C0B","FFFFFF","DDEEF6","333333","C"
"129",53351462,"TabeaRoessner",962,7843,1041,488,12363,"2009-07-03","10:29:25","Mainz/Berlin","94D487","0","0","0","G"
"130",53426644,"GrueneBeate",2094,4615,1040,273,7728,"2009-07-03","16:20:17","Reutlingen Baden-Württemberg","0A0A09","D5F024","5793F2","0","G"
"131",53617577,"schwarz_spd",0,206,28,49,108,"2009-07-04","06:53:59","Strullendorf / Bamberg","1C4C5C","1C4C5C","EBEBEB","333333","S"
"132",54202670,"PeterWeissMdB",0,492,39,92,3,"2009-07-06","13:24:44","Emmendingen","0084B4","0","0","0","C"
"133",54535670,"Wellenreuther",381,1422,182,165,861,"2009-07-07","12:50:22","Karlsruhe","1DA1F2","C0DEED","DDEEF6","333333","C"
"134",56670083,"drmfuchs",1332,6322,243,335,7620,"2009-07-14","11:31:02","Germany","1DA1F2","C0DEED","DDEEF6","333333","C"
"135",56762889,"stephanharbarth",148,2816,100,184,1974,"2009-07-14","17:52:30","","2766","F2C318","F59B00","333333","C"
"136",56990207,"rainerarnold",7,2854,78,250,1582,"2009-07-15","11:20:53","Nürtingen","599AAC","FFFFFF","DDFFCC","333333","S"
"137",57293969,"soerenbartol",1959,4054,982,251,2934,"2009-07-16","09:59:45","Marburg/Berlin","1DA1F2","C0DEED","DDEEF6","333333","S"
"138",58429842,"olavgutting",1409,2652,468,173,8242,"2009-07-20","09:03:25","Bruchsal-Schwetzingen Berlin","16156E","FFFFFF","F7B90F","0","C"
"139",60630139,"monikalazar",1796,5319,242,313,18281,"2009-07-27","15:47:11","Sachsen","D02B55","829D5E","99CC33","3E4415","G"
"140",61577387,"Manfredbehrens",0,975,7,157,236,"2009-07-30","19:37:13","Ebendorf","1DA1F2","C0DEED","DDEEF6","333333","C"
"141",62457691,"W_Priesmeier",331,913,232,121,703,"2009-08-03","06:54:41","Deutschland","0084B4","BDDCAD","DDFFCC","333333","S"
"142",64056505,"teAM_007",1,144,10,60,31,"2009-08-08","22:34:52","Pinneberg","0084B4","BDDCAD","DDFFCC","0","C"
"143",64159881,"CPetryMdB",807,1220,796,91,7817,"2009-08-09","11:46:17","Saarland","DD2E44","C0DEED","DDEEF6","333333","S"
"144",64220313,"zierke",277,1104,220,89,162,"2009-08-09","18:09:53","Prenzlau Deutschland","990000","DFDFDF","F3F3F3","333333","S"
"145",64377390,"koschyk",14825,2915,170,183,27064,"2009-08-10","10:51:33","Goldkronach Deutschland","1DA1F2","C0DEED","DDEEF6","333333","C"
"146",64994645,"ernst_klaus",118,5259,277,295,944,"2009-08-12","09:54:42","Berlin","E81919","E81919","E81919","171515","L"
"147",66750542,"fuchtel",463,2190,130,203,1115,"2009-08-18","18:04:36","Altensteig Nordschwarzwald","128AE6","101012","0F0F12","E09E24","C"
"148",68394879,"BrigittePothmer",480,2291,327,174,3286,"2009-08-24","12:25:13","","0084B4","FFFFFF","DDEEF6","333333","G"
"149",68920005,"MartinaRenner",5623,8100,973,281,6775,"2009-08-26","07:01:12","Berlin und Erfurt","FA743E","BDDCAD","DDFFCC","333333","L"
"150",69814084,"PeterbeyerCDU",0,423,11,112,16,"2009-08-29","07:10:12","","1DA1F2","C0DEED","DDEEF6","333333","C"
"151",73088949,"OezcanMutlu",65904,10867,1470,346,23644,"2009-09-10","10:32:51","Berlin Istanbul D.C.","38543","EEEEEE","F6F6F6","333333","G"
"152",73468394,"RosemarieHein",177,1275,784,120,501,"2009-09-11","19:56:52","Magdeburg","0084B4","BDDCAD","DDFFCC","333333","L"
"153",74837812,"LINKEPELLI",4766,5625,937,88,7423,"2009-09-16","21:05:18","Leipzig","DD2E44","0","0","0","L"
"154",75005687,"StephanThomae",132,1679,623,81,1204,"2009-09-17","12:59:49","Kempten (Allgäu)","FF3300","86A4A6","A0C5C7","333333","F"
"155",77928749,"fjunge",1293,567,144,56,626,"2009-09-28","04:52:55","Wismar","ABB8C2","0","0","0","S"
"156",81394072,"Birke_Bull",2562,3061,3468,133,2348,"2009-10-10","16:50:28","Halle/ Saale","1F98C7","FFFFFF","DAECF4","663B12","L"
"157",83342791,"oezoguz",3654,17305,471,483,2171,"2009-10-18","11:00:10","Hamburg","1DA1F2","C0DEED","DDEEF6","333333","S"
"158",83474160,"JoSteiniger",2055,2876,1156,151,6799,"2009-10-18","23:38:01","","1DA1F2","C0DEED","DDEEF6","333333","C"
"159",83795057,"NilsSchmid",272,4537,290,234,703,"2009-10-20","07:56:26","Nürtingen Baden-Württemberg","E2001A","FFFFFF","FFFFFF","333333","S"
"160",87281380,"AndrejHunko",226,7676,2256,308,12040,"2009-11-03","21:01:21","Germany","C00000","0","C9D6E0","032B3B","L"
"161",88630242,"Oliver_Krischer",2067,8492,815,309,6842,"2009-11-09","09:34:24","RegionAachen/NRW/Berlin","1DA1F2","C0DEED","DDEEF6","333333","G"
"162",89209507,"hacker_fdp",395,1198,308,86,2979,"2009-11-11","15:32:20","Bayreuth","FFED00","C0DEED","FAFA0A","333333","F"
"163",93612750,"MichaelLeutert",1135,3746,1476,231,3286,"2009-11-30","11:37:37","Chemnitz und Bundestag ","FF002B","F7F8FA","FCFCFC","80808","L"
"164",94363834,"groehe",85,51450,295,762,2559,"2009-12-03","16:38:02","Berlin","0084B4","C0DEED","DDEEF6","333333","C"
"165",95905207,"dieschmidt",1610,1524,128,106,522,"2009-12-10","13:54:30","LDK","1DA1F2","C0DEED","DDEEF6","333333","S"
"166",96783215,"schneidercar",1308,10032,709,382,3718,"2009-12-14","15:41:28","Erfurt","0084B4","FFFFFF","DDEEF6","333333","S"
"167",99268600,"PeterBoehringer",8,1645,20,66,396,"2009-12-25","11:36:05","Deutschland","1DA1F2","C0DEED","DDEEF6","333333","A"
"168",104100946,"stephankuehn",5285,4377,1315,225,4281,"2010-01-12","07:41:22","Dresden","006CB4","D8D8D8","FFFFFF","333333","G"
"169",106136813,"MarcoBuschmann",873,9271,741,252,6785,"2010-01-18","16:25:00","Gelsenkirchen/Berlin","1DA1F2","C0DEED","DDEEF6","333333","F"
"170",106684561,"UteVogt",1449,4210,350,240,2607,"2010-01-20","09:58:42","Stuttgart","E81C4F","0","0","0","S"
"171",107806591,"fdp_hessel",13,722,67,78,346,"2010-01-23","20:19:09","Nürnberg Bayern","0084B4","FFEA04","FFEA04","333333","F"
"172",110368456,"KaiGehring",9499,7772,3164,390,8336,"2010-02-01","08:55:10","Berlin/ Essen","104C91","EEEEEE","FFFFFF","333333","G"
"173",110385973,"TinoSorge",1273,2053,295,133,3495,"2010-02-01","10:50:53","Magdeburg / Berlin","1DA1F2","C0DEED","DDEEF6","333333","C"
"174",111054843,"NiemaMovassat",12655,13354,1093,303,17803,"2010-02-03","17:18:12","Oberhausen Essen und Berlin","E81C4F","C0DEED","DDEEF6","333333","L"
"175",115614153,"HildeMattheis",175,10177,933,286,1068,"2010-02-19","08:25:12","Ulm","9999","FFFFFF","EFEFEF","333333","S"
"176",122104353,"c_lindner",8846,332790,1308,1718,13220,"2010-03-11","16:11:51","Berlin Deutschland","0084B4","C0DEED","DDEEF6","333333","F"
"177",133770069,"anjaweisgerber",187,1372,232,174,2245,"2010-04-16","15:43:52","Schweinfurt Kitzingen Berlin","3B94D9","EDEDED","EDEDED","333333","C"
"178",136266976,"lgbeutin",5753,1655,1393,55,4271,"2010-04-23","13:11:41","Kiel","1DA1F2","C0DEED","DDEEF6","333333","L"
"179",139407967,"SevimDagdelen",2799,30189,413,345,5019,"2010-05-02","14:25:18","Bochum-Berlin","CC3366","DBE9ED","E6F6F9","333333","L"
"180",140821364,"DoroBaer",15420,86314,2903,1242,27722,"2010-05-06","13:05:45","","5E00FF","86A4A6","A0C5C7","333333","S"
"181",143351769,"NikolasLoebel",384,884,762,37,271,"2010-05-13","07:03:17","Mannheim Baden-Württemberg","ABB8C2","0","0","0","C"
"182",143882918,"HESommer",1149,1995,1261,65,929,"2010-05-14","17:45:21","Berlin Deutschland","DC0808","DC0808","F6CDCD","0","L"
"183",146376562,"JensKoeppen",514,3320,403,213,4811,"2010-05-21","08:20:13","Berlin Barnim Uckermark","0084B4","A8C7F7","C0DFEC","333333","C"
"184",149299258,"Lambsdorff",1832,10971,565,346,3884,"2010-05-28","23:15:13","Bonn Berlin und Brüssel","0084B4","FFFFFF","DDEEF6","333333","F"
"185",150188536,"markuskurthmdb",340,2977,839,185,884,"2010-05-31","09:13:22","Berlin","1D4D9A","669933","669933","80808","G"
"186",150372237,"HeikeBrehmerMdB",919,1301,815,104,1612,"2010-05-31","19:34:09","Harz","1DA1F2","C0DEED","DDEEF6","333333","C"
"187",154064825,"MatthiasHeider",115,1416,243,130,534,"2010-06-10","08:05:03","Lüdenscheid","08214A","123DFF","BDC3D4","333333","C"
"188",159217491,"Johann_Saathoff",606,1784,1720,68,1284,"2010-06-24","19:53:25","Ostfriesland","1DA1F2","C0DEED","DDEEF6","333333","S"
"189",162398888,"felixschreiner",41,997,919,63,2302,"2010-07-03","14:58:36","Waldshut-Tiengen Deutschland","1DA1F2","C0DEED","DDEEF6","333333","C"
"190",170964436,"LindaTeuteberg",935,4109,169,111,1096,"2010-07-26","06:31:36","Potsdam | Brandenburg","E5007D","0","0","0","F"
"191",172269309,"agnieszka_mdb",3245,8542,1999,335,4976,"2010-07-29","08:37:03","","88253","D3D2CF","E3E2DE","634047","G"
"192",175071092,"Buergerwohl",34,1611,13,51,168,"2010-08-05","15:20:12","Thüringen Deutschland","1DA1F2","C0DEED","DDEEF6","333333","A"
"193",176104376,"SBarrientosK",939,788,325,40,3596,"2010-08-08","15:38:19","Berlin & Ochsenfurth","FF0000","0","0","0","L"
"194",179216369,"jensbeeck",80,638,223,40,115,"2010-08-16","20:00:42","Lingen (Ems) Deutschland","FAB81E","00529E","FBEE31","00529E","F"
"195",193629792,"BaerbelKofler",36,5038,164,208,752,"2010-09-22","09:22:51","Berlin / Traunstein","1B95E0","F2E195","FFF7CC","0C3E53","S"
"196",224630872,"Katrin_Werner",398,2649,989,119,1959,"2010-12-09","13:36:39","Trier","DF0029","FFFFFF","DDEEF6","333333","L"
"197",231440493,"KaczmarekOliver",304,2785,513,162,1829,"2010-12-28","14:43:48","Kamen","1DA1F2","C0DEED","DDEEF6","333333","S"
"198",257461232,"SabineLeidig",1219,7050,2469,281,7096,"2011-02-25","13:33:26","","FF3300","86A4A6","A0C5C7","333333","L"
"199",262730721,"reinhardbrandl",91,447,669,32,228,"2011-03-08","16:57:19","Ingolstadt Berlin ....","1DA1F2","C0DEED","DDEEF6","333333","C"
"200",275204467,"BettinaHornhues",93,1107,279,93,1621,"2011-03-31","20:46:58","Bremen","6E604A","FFF8AD","F6FFD1","302B30","C"
"201",277006619,"SteinekeCDU",32324,5149,1646,157,26753,"2011-04-04","14:24:47","Neuruppin","0084B4","FFFFFF","DDFFCC","333333","C"
"202",277587918,"g_reichenbach",2839,2525,473,226,14382,"2011-04-05","17:36:03","Hessen Geinsheim","FF0000","FFFFFF","DDEEF6","333333","S"
"203",282687385,"R_Hartwig_AfD",1355,4116,1372,68,818,"2011-04-15","18:11:35","Rhein-Sieg-Kreis","9D582E","D9B17E","EADEAA","333333","A"
"204",292151515,"ThomasHitschler",5148,3444,1228,161,9694,"2011-05-03","05:41:51","Südpfalz","1DA1F2","C0DEED","DDEEF6","333333","S"
"205",293066780,"ThomasOppermann",1044,129269,193,1007,3021,"2011-05-04","18:06:59","Berlin/Göttingen","0E3E4F","CED7DB","DDEEF6","121112","S"
"206",293522998,"Petra_Sitte_MdB",4922,4712,848,268,11601,"2011-05-05","14:05:32","","0084B4","FFFFFF","DDEEF6","333333","L"
"207",296121556,"GaHeinrich",508,594,86,87,144,"2011-05-10","07:17:31","Nürnberg","1DA1F2","C0DEED","DDEEF6","333333","S"
"208",299650387,"jensspahn",94,84306,617,781,6973,"2011-05-16","13:25:13","Berlin","0084B4","FFFFFF","DDEEF6","333333","C"
"209",304342650,"MdB_Stroebele",38,280685,917,1003,2904,"2011-05-24","10:48:44","Berlin","0E0F01","217319","F5F5F0","1E7016","G"
"210",313213943,"RebmannMdB",29,1528,243,151,2164,"2011-06-08","09:39:39","Mannheim","1DA1F2","C0DEED","DDEEF6","333333","S"
"211",314534724,"pascalmeiser",13086,1616,1525,58,3087,"2011-06-10","12:19:25","","1DA1F2","C0DEED","DDEEF6","333333","L"
"212",316355056,"KarambaDiaby",773,21819,1254,282,1697,"2011-06-13","09:57:53","Halle (Saale)","DD2E44","0","0","0","S"
"213",328939758,"LangeMdB",1435,4515,369,249,4685,"2011-07-04","09:05:24","","FF3300","86A4A6","A0C5C7","333333","S"
"214",332264734,"HeikeHaensel",2580,6476,344,247,6957,"2011-07-09","14:08:58","Berlin","1B95E0","0","0","0","L"
"215",347792540,"spdbt",4063,138969,720,1085,11086,"2011-08-03","11:03:15","Berlin","E1001A","E1001A","F5F5F5","333333","S"
"216",348460907,"PeterAumer",20,446,176,65,69,"2011-08-04","13:33:25","Regensburg/Berlin","1B95E0","86A4A6","A0C5C7","333333","C"
"217",368334555,"PSchnieder",8162,3923,1033,247,10049,"2011-09-05","13:31:39","Arzfeld/Eifel","91D2FA","0","DDEEF6","333333","C"
"218",377925526,"HPetzold",2860,2041,636,84,2984,"2011-09-22","10:38:32","Deutschland","E81C4F","0","0","0","L"
"219",378693834,"peteraltmaier",3507,246735,919,2176,10795,"2011-09-23","17:00:07","Saarlouis / Berlin","1DA1F2","C0DEED","DDEEF6","333333","C"
"220",382044198,"UlliNissen",9560,4144,2753,136,11734,"2011-09-29","11:53:23","Frankfurt am Main","DD2E44","0","0","0","S"
"221",389682667,"JoWadephul",784,2137,1368,129,870,"2011-10-12","20:46:07","Berlin Deutschland","1DA1F2","C0DEED","DDEEF6","333333","C"
"222",392312829,"guenterkrings",13,1360,128,136,40,"2011-10-16","21:00:34","Mönchengladbach/Berlin","1DA1F2","C0DEED","DDEEF6","333333","C"
"223",393264968,"MPKretschmer",1313,11758,499,270,2577,"2011-10-18","08:29:36","","1DA1F2","C0DEED","DDEEF6","333333","C"
"224",395912134,"armin_schuster",2,2790,2069,145,1860,"2011-10-22","13:11:16","","1DA1F2","C0DEED","DDEEF6","333333","C"
"225",399988476,"KoenigsGruen",35,3150,278,207,874,"2011-10-28","10:30:20","Berlin Bundestag","1DA1F2","C0DEED","DDEEF6","333333","G"
"226",403735368,"hahnflo",6600,3157,602,181,3308,"2011-11-02","22:47:35","","1DA1F2","C0DEED","DDEEF6","333333","C"
"227",408506969,"PErnstberger",22,1223,526,102,196,"2011-11-09","14:23:57","","782116","F22B24","DED9D1","333333","S"
"228",409203792,"UweSchummer",12270,7805,1996,200,27234,"2011-11-10","12:18:40","Deutscher Bundestag Berlin","0084B4","FFFFFF","DDEEF6","333333","C"
"229",409258073,"michael_thews",80,2014,219,131,2927,"2011-11-10","13:55:11","Lünen","0084B4","FFFFFF","DDEEF6","333333","S"
"230",422569574,"DFoest",7924,4092,2774,118,12927,"2011-11-27","12:17:53","München","1DA1F2","C0DEED","DDEEF6","333333","F"
"231",425845268,"SteinbachErika",7301,84113,336,580,27113,"2011-12-01","14:16:08","","1DA1F2","C0DEED","DDEEF6","333333","C"
"232",426403057,"ch_buchholz",1620,8006,204,238,3571,"2011-12-02","06:04:16","Berlin","E81C4F","FFFFFF","DDEEF6","333333","L"
"233",429357796,"dieAlbsteigerin",300,11070,2295,214,2422,"2011-12-05","21:41:14","","0084B4","FFFFFF","DDEEF6","333333","C"
"234",442678902,"ToniHofreiter",0,9792,0,400,1,"2011-12-21","10:39:48","Deutscher Bundestag Berlin","88253","D3D2CF","E3E2DE","634047","G"
"235",445375409,"Peter_Beyer",337,685,306,31,178,"2011-12-24","09:58:20","","1DA1F2","C0DEED","DDEEF6","333333","C"
"236",449619355,"JensZimmermann1",9286,3274,481,172,6198,"2011-12-29","09:14:59","Groß-Umstadt","1DA1F2","C0DEED","DDEEF6","333333","S"
"237",454981027,"helgelindh",170,1446,1039,52,197,"2012-01-04","16:12:00","Wuppertal Nordrhein-Westfalen","E81C4F","0","0","0","S"
"238",467381196,"KLeikert",864,1918,796,121,850,"2012-01-18","12:08:59","","1DA1F2","C0DEED","DDEEF6","333333","C"
"239",474013625,"BabettesChefin",916,5132,434,237,5789,"2012-01-25","15:25:35","Berlin","1DA1F2","C0DEED","DDEEF6","333333","G"
"240",475275997,"KonstantinKuhle",19874,11443,3016,194,7628,"2012-01-26","21:49:02","Göttingen/Berlin","1DA1F2","C0DEED","DDEEF6","333333","F"
"241",481393623,"FrankeEdgar",16,2141,1816,194,489,"2012-02-02","18:01:16","Berlin","9999","DBE9ED","E6F6F9","333333","S"
"242",485751594,"JTrittin",256,99660,369,1254,5817,"2012-02-07","14:54:56","Berlin/Göttingen","0084B4","0","DDEEF6","333333","G"
"243",493229926,"BerndFabritius",50,1475,628,104,394,"2012-02-15","15:43:39","","1DA1F2","C0DEED","DDEEF6","333333","C"
"244",494809842,"Timon_Gremmels",4883,2496,844,123,6601,"2012-02-17","08:46:53","Niestetal","3B94D9","FFFFFF","DDEEF6","333333","S"
"245",508645493,"MatthiasLietz",0,465,48,56,1531,"2012-02-29","09:36:30","","1DA1F2","C0DEED","DDEEF6","333333","C"
"246",516783036,"danielakolbe",3959,6147,965,241,2585,"2012-03-06","18:55:58","Leipzig und Berlin","1DA1F2","C0DEED","DDEEF6","333333","S"
"247",532669620,"WolfgangGehrcke",38,4593,359,171,2733,"2012-03-21","21:46:27","Berlin Deutschland","C80514","FFFFFF","F6F6F6","333333","L"
"248",542415865,"JohannesSingham",127,2760,265,141,738,"2012-04-01","09:51:14","München","1DA1F2","C0DEED","DDEEF6","333333","A"
"249",550951920,"HGundelach",140,833,215,64,369,"2012-04-11","10:18:40","Hamburg Deutschland","0084B4","FFFFFF","DDEEF6","333333","C"
"250",551802475,"Ingrid_Remmers",558,729,582,69,725,"2012-04-12","12:08:30","Gelsenkirchen Berlin","1B95E0","0","0","0","L"
"251",560467206,"PetraPauMaHe",11959,12634,621,452,15469,"2012-04-22","15:55:05","Berlin Marzahn- Hellersdorf","1DA1F2","C0DEED","DDEEF6","333333","L"
"252",563706584,"MTodtenhausen",5223,1127,1444,77,1879,"2012-04-26","13:03:53","Wuppertal","0084B4","C0DEED","DDEEF6","333333","F"
"253",569166756,"lisapaus",10033,6907,1651,288,13398,"2012-05-02","12:57:06","Charlottenburg-Wilmersdorf","0084B4","FFFFFF","DDEEF6","333333","G"
"254",569257486,"MaikBeermann",6748,2165,508,129,2497,"2012-05-02","17:01:13","","0084B4","FFFFFF","C0DFEC","333333","C"
"255",569832889,"sigmargabriel",479,268521,571,1881,3288,"2012-05-03","09:27:54","Goslar Berlin & die Welt","1DA1F2","C0DEED","DDEEF6","333333","S"
"256",573861390,"HerbertBehrens",24,2066,1531,118,1820,"2012-05-07","16:34:18","Osterholz-Scharmbeck","C80514","FFFFFF","DDEEF6","333333","L"
"257",574424501,"MGrosseBroemer",10852,14476,316,414,16729,"2012-05-08","12:11:15","Heide und Hauptstadt","1DA1F2","C0DEED","DDEEF6","333333","C"
"258",574472515,"brigittezypries",5396,11887,857,400,6180,"2012-05-08","13:20:16","","1DA1F2","C0DEED","DDEEF6","333333","S"
"259",574528123,"SibyllePfeiffer",13,881,133,133,121,"2012-05-08","14:39:02","","1DA1F2","C0DEED","DDEEF6","333333","C"
"260",600984834,"JuttaKrellmann",1094,2774,1053,135,2578,"2012-06-06","11:44:56","Hameln","DF0101","0","0","0","L"
"261",609972369,"UllmannMdB",1678,862,431,48,1114,"2012-06-16","10:47:11","Würzburg | Berlin Deutschland","0099CC","FFF8AD","F6FFD1","333333","F"
"262",625642009,"HaraldWeinberg",0,707,326,123,474,"2012-07-03","15:24:05","Nürnberg I Berlin","1DA1F2","C0DEED","DDEEF6","333333","L"
"263",626287930,"GoeringEckardt",15822,140223,1132,1235,14081,"2012-07-04","08:28:33","","54A30C","0","FFFFFF","333333","G"
"264",702653022,"SteffenSonja",179,820,62,64,116,"2012-07-18","08:29:18","","1DA1F2","C0DEED","DDEEF6","333333","S"
"265",727782559,"MatthiasGastel",630,5477,2968,134,1125,"2012-07-31","07:04:19","Filderstadt WK Nürtingen B-W","1DA1F2","C0DEED","DDEEF6","333333","G"
"266",728990858,"JanaSchimke",199,2433,213,102,272,"2012-07-31","18:48:25","","1DA1F2","C0DEED","DDEEF6","333333","C"
"267",741532130,"FlorianPost",93,1617,301,105,245,"2012-08-06","22:00:12","München Bayern","1B95E0","0","0","0","S"
"268",748851762,"MWBirkwald",4214,4489,1685,212,3295,"2012-08-10","07:32:05","","F50A1D","FFFFFF","F6F6F6","333333","L"
"269",763549040,"MarieluiseBeck",254,3425,132,192,1000,"2012-08-17","11:38:36","Bremen/Berlin","1DA1F2","C0DEED","DDEEF6","333333","G"
"270",805308596,"Beatrix_vStorch",3260,42107,774,544,8716,"2012-09-05","20:19:14","Berlin Deutschland","0084B4","FFFFFF","DDEEF6","333333","A"
"271",809895794,"GtzFrmming",7580,9619,2617,150,10423,"2012-09-08","00:53:26","Berlin Deutschland","1B95E0","0","0","0","A"
"272",849012308,"b_riexinger",3092,25515,386,449,4574,"2012-09-27","10:16:15","","FF0000","0","FFF7CC","0C3E53","L"
"273",850993608,"SylviaGabelmann",276,1248,1434,59,373,"2012-09-28","12:42:17","Siegen Deutschland","E81C4F","0","0","0","L"
"274",856641566,"peersteinbrueck",131,40360,98,717,134,"2012-10-01","16:30:42","Bonn Deutschland","FAB81E","FFFFFF","DDEEF6","333333","S"
"275",860067295,"jungfj",3,1276,11,91,219,"2012-10-03","17:37:22","","1DA1F2","C0DEED","DDEEF6","333333","C"
"276",866425075,"NicoleGohlke",3529,5598,565,203,3901,"2012-10-07","14:33:37","Berlin | München","656373","FFFFFF","DDEEF6","333333","L"
"277",866924100,"ulschzi",185,1196,376,57,724,"2012-10-07","20:39:05","Mecklenburgische Seenplatte Mecklenburg-Vorpommern","1DA1F2","C0DEED","DDEEF6","333333","A"
"278",871704942,"EgonJuettner",0,216,0,67,8,"2012-10-10","12:43:30","Mannheim","1DA1F2","C0DEED","DDEEF6","333333","C"
"279",884382990,"MarcusWeinberg",39,2036,578,163,418,"2012-10-16","12:55:33","","E09412","FFFFFF","DDEEF6","333333","C"
"280",888289790,"GregorGysi",605,329446,139,1427,2057,"2012-10-18","07:20:12","Platz der Republik Berlin","DF0404","FFFFFF","262626","696545","L"
"281",892779458,"SuzaKarawanskij",743,1858,634,77,482,"2012-10-20","08:29:06","","1DA1F2","C0DEED","DDEEF6","333333","L"
"282",906847944,"WilfriedOellers",1,758,0,85,693,"2012-10-26","21:58:40","","F46A00","FFFFFF","DDEEF6","333333","C"
"283",936486542,"jan_vanaken",258,11091,221,234,1877,"2012-11-09","09:21:38","","0E0F0F","FFFFFF","FFF7CC","0C3E53","L"
"284",963904327,"StefanRouenhoff",202,491,234,33,215,"2012-11-22","08:50:46","Goch Deutschland","1DA1F2","C0DEED","DDEEF6","333333","C"
"285",974367631,"MechthildHeil",846,3040,1178,186,1710,"2012-11-27","17:56:41","","0084B4","FFFFFF","DDEEF6","333333","C"
"286",976421048,"A_Gloeckner",120,649,160,70,201,"2012-11-28","16:01:47","Südwestpfalz Rheinland-Pfalz","DD2E44","0","0","0","S"
"287",992808439,"GabiWeberSPD",328,3245,229,165,2824,"2012-12-06","10:29:09","Wirges Westerwald","1DA1F2","C0DEED","DDEEF6","333333","S"
"288",995653004,"JanMetzler",3,2102,63,118,1023,"2012-12-07","18:54:37","Dittelsheim-Heßloch","1DA1F2","C0DEED","DDEEF6","333333","C"
"289",1028440310,"arnoklare",1524,875,334,101,1028,"2012-12-22","12:46:22","Mülheim & Essen-Borbeck","E81C4F","FFFFFF","DDEEF6","333333","S"
"290",1043288618,"MetinHakverdi",2042,3221,2144,151,1824,"2012-12-28","22:27:01","Hamburg Wilhelmsburg","0084B4","FFFFFF","DDEEF6","333333","S"
"291",1065899292,"berlinliebich",8426,18907,7343,319,10374,"2013-01-06","14:57:49","Berlin-Pankow","91D2FA","0","0","0","L"
"292",1073605033,"BerndBuchholz",1,347,27,14,71,"2013-01-09","12:10:21","","1DA1F2","C0DEED","DDEEF6","333333","F"
"293",1076269195,"sebast_hartmann",1787,6145,586,150,3170,"2013-01-10","10:32:26","Rhein-Sieg-Kreis","1DA1F2","C0DEED","DDEEF6","333333","S"
"294",1082464339,"SylviaPantel",18,1136,261,111,177,"2013-01-12","09:54:53","Düsseldorf Germany","1DA1F2","C0DEED","DDEEF6","333333","C"
"295",1095781218,"ManderlaGisela",31,1422,217,74,393,"2013-01-16","17:11:54","Berlin / Köln","1DA1F2","C0DEED","DDEEF6","333333","C"
"296",1099159964,"KarstenMoering",88,1618,426,93,419,"2013-01-17","20:08:06","Köln","1DA1F2","C0DEED","DDEEF6","333333","C"
"297",1108382916,"EUTheurer",1586,4082,2047,200,2146,"2013-01-21","08:00:48","Berlin Stuttgart Horb","1DA1F2","C0DEED","DDEEF6","333333","F"
"298",1114675538,"MiRo_SPD",6610,23704,1091,552,11958,"2013-01-23","15:48:09","Auswärtiges Amt Berlin","1DA1F2","C0DEED","DDEEF6","333333","S"
"299",1117526742,"s_schwartze",565,3743,1136,136,1819,"2013-01-24","19:17:24","Vlotho","0084B4","FFFFFF","C0DFEC","333333","S"
"300",1117749912,"Achim_P",767,3243,1684,164,5283,"2013-01-24","21:12:00","Espelkamp/Berlin","0084B4","FFFFFF","DDEEF6","333333","S"
"301",1120117190,"Helmut_Nowak",40,922,211,78,302,"2013-01-25","19:38:34","","1B95E0","0","0","0","C"
"302",1131092102,"BriHasselmann",18822,12794,1428,314,10573,"2013-01-29","13:46:25","Bielefeld/Berlin","4A913C","0","0","0","G"
"303",1131372344,"EhrmannSiggi",3,193,75,43,59,"2013-01-29","15:38:19","Moers / Berlin ","1DA1F2","C0DEED","DDEEF6","333333","S"
"304",1143130812,"ChrisKuehn_mdb",4696,2411,1297,130,1914,"2013-02-02","18:49:01","","88253","FFFFFF","DDEEF6","333333","G"
"305",1158585210,"MatthiasHauer",1849,4847,800,121,3527,"2013-02-07","23:53:53","Essen","0084B4","FFFFFF","DDEEF6","333333","C"
"306",1182878557,"AlexanderSNeu",2936,4767,280,150,5049,"2013-02-15","14:53:02","","E81C4F","0","0","0","L"
"307",1192966249,"AnnetteSawade",14,1048,274,92,379,"2013-02-18","11:58:47","","1DA1F2","C0DEED","DDEEF6","333333","S"
"308",1230819176,"malechanissen",0,166,0,44,268,"2013-03-01","18:28:05","","1DA1F2","C0DEED","DDEEF6","333333","S"
"309",1286011081,"KayGottschalk1",663,2922,442,68,848,"2013-03-21","13:39:27","Hamburg","1DA1F2","C0DEED","DDEEF6","333333","A"
"310",1294532364,"Florian_Ossner",49,687,64,96,27,"2013-03-24","09:49:47","Velden/Landshut/Kelheim","1DA1F2","C0DEED","DDEEF6","333333","C"
"311",1294725486,"KirstenTackmann",6293,3137,833,139,5292,"2013-03-24","10:47:35","Tornow","7D7D7D","4D4A33","262626","696545","L"
"312",1296544153,"th_sattelberger",3679,6209,1488,191,5194,"2013-03-24","20:28:01","München","1DA1F2","C0DEED","DDEEF6","333333","F"
"313",1313226002,"XaverJung",11,602,51,68,1140,"2013-03-29","09:43:42","Pfalz","1DA1F2","C0DEED","DDEEF6","333333","C"
"314",1356753444,"jschraps",2460,1276,1502,60,2956,"2013-04-16","12:32:04","Weserbergland - BXL - Berlin","1DA1F2","C0DEED","DDEEF6","333333","S"
"315",1370491088,"MarkHauptmann",1887,2131,295,108,2143,"2013-04-21","20:17:02","Südthüringen/Berlin","93A644","EEEEEE","FFFFFF","333333","C"
"316",1377117206,"TeamDieSchmidt",12,156,327,17,455,"2013-04-24","13:57:53","Deutschland","E3000F","0","0","0","S"
"317",1381420976,"GabiFograscher",0,177,5,41,1,"2013-04-26","08:39:39","","1DA1F2","C0DEED","DDEEF6","333333","S"
"318",1391875208,"uhl_markus",210,509,380,32,145,"2013-04-30","11:47:36","Saarbrücken | Homburg | Berlin","0084B4","A8C7F7","C0DFEC","333333","C"
"319",1391879604,"joerg_cezanne",20,196,20,24,28,"2013-04-30","12:00:22","Hessen Deutschland","1DA1F2","C0DEED","DDEEF6","333333","L"
"320",1399764944,"oezdemir_spd",0,1128,42,127,60,"2013-05-03","13:36:09","Duisburg","0084B4","FFFFFF","DDEEF6","333333","S"
"321",1412287272,"AfDProtschka",544,2439,1652,63,1749,"2013-05-08","08:33:07","Mamming Deutschland","1B95E0","0","0","0","A"
"322",1421571306,"NordMdb",2971,3741,579,115,2381,"2013-05-11","21:07:13","","1DA1F2","C0DEED","DDEEF6","333333","L"
"323",1423622834,"EskenSaskia",27430,7451,1666,516,27356,"2013-05-12","17:25:05","Berlin / Nordschwarzwald","1DA1F2","C0DEED","DDEEF6","333333","S"
"324",1425035358,"lier_e",1331,1024,375,54,1270,"2013-05-13","09:15:33","","E81C4F","FFFFFF","FFF7CC","0C3E53","S"
"325",1425265488,"RenateKuenast",12024,42976,1430,707,23225,"2013-05-13","11:24:44","Berlin","1DA1F2","C0DEED","DDEEF6","333333","G"
"326",1446031532,"AndreaLindholz",84,1667,344,124,313,"2013-05-21","10:40:09","Aschaffenburg Berlin","1B95E0","FFFFFF","DDFFCC","333333","C"
"327",1461997548,"SusannRuethrich",0,655,104,93,19,"2013-05-27","12:42:27","SPD Bundestagsabgeordnete ","611B1B","FFFFFF","DDFFCC","333333","S"
"328",1475734592,"julia_verlinden",3342,5266,2570,204,4943,"2013-06-01","21:31:23","Lüneburg Germany","1DA1F2","C0DEED","DDEEF6","333333","G"
"329",1490376331,"Frank_Pasemann",10804,8616,1688,129,14117,"2013-06-07","13:04:39","Mitteldeutschland","1DA1F2","C0DEED","DDEEF6","333333","A"
"330",1513671236,"HHirte",2382,4412,540,145,5213,"2013-06-13","15:15:09","Köln am Rhein","1B95E0","0","0","0","C"
"331",1524735194,"crueffer",1177,2286,442,134,826,"2013-06-17","12:32:01","Trier","1DA1F2","C0DEED","DDEEF6","333333","G"
"332",1534201208,"ttte94",8,373,6,39,55,"2013-06-20","15:24:36","","1DA1F2","C0DEED","DDEEF6","333333","A"
"333",1543429536,"michel_brandt_",2380,2169,318,65,2661,"2013-06-24","14:54:02","","1B95E0","0","0","0","L"
"334",1683845126,"TeamPetraPau",5955,1452,970,61,9196,"2013-08-19","18:00:13","","E81C4F","FFFFFF","95E8EC","3C3940","L"
"335",1720247887,"TobiasZech",539,1439,840,79,542,"2013-09-01","21:00:27","Berlin Deutschland","1DA1F2","C0DEED","DDEEF6","333333","C"
"336",1862781722,"axelgehrke",4,619,130,50,129,"2013-09-14","05:37:38","Stormarn Schleswig-Holstein","1DA1F2","C0DEED","DDEEF6","333333","A"
"337",1872648764,"dittmarsabine",370,792,106,61,203,"2013-09-16","18:45:03","","1DA1F2","C0DEED","DDEEF6","333333","S"
"338",1906911697,"Dr_Roy_Kuehne",202,1630,130,104,556,"2013-09-26","06:13:48","","1DA1F2","C0DEED","DDEEF6","333333","C"
"339",2156382000,"MatthiasIlgen",54,1073,168,63,630,"2013-10-26","08:04:03","Berlin / Husum","1DA1F2","C0DEED","DDEEF6","333333","S"
"340",2166255624,"PLengsfeld",2142,7500,1049,121,12843,"2013-10-31","08:31:20","Berlin-Mitte","1DA1F2","C0DEED","DDEEF6","333333","C"
"341",2175692210,"Julia_Obermeier",650,2794,465,112,1189,"2013-11-05","09:04:44","München","0084B4","FFFFFF","DDEEF6","333333","C"
"342",2179010672,"ABaerbock",2761,33315,1330,392,2564,"2013-11-07","00:04:11","Brandenburg","1DA1F2","C0DEED","DDEEF6","333333","G"
"343",2226815116,"Schwarz_MdB",730,3606,987,108,2082,"2013-12-15","09:11:12","Bamberg Bayern","E81C4F","0","0","0","S"
"344",2230052774,"DorisWagner_MdB",7197,1764,2318,92,2472,"2013-12-04","14:58:04","Bündnis 90/Die Grünen","00B330","0","DDEEF6","333333","G"
"345",2267701010,"GruenSprecher",10977,3816,774,133,6943,"2013-12-29","17:51:05","Bundestag","0084B4","FFFFFF","DDEEF6","333333","G"
"346",2306519694,"MarkusTressel",204,1403,541,88,988,"2014-01-23","12:51:04","Saarlouis Saarland","4A913C","0","0","0","G"
"347",2317202160,"UliFreese",101,665,127,79,398,"2014-01-29","14:02:57","Wahlkreis Cottbus/Spree-Neiße","131414","0","DDEEF6","333333","S"
"348",2320519958,"DietmarBartsch",3650,46572,177,358,3921,"2014-01-31","09:25:36","","DF0404","0","0","0","L"
"349",2357675876,"OWvonHoltz",184,927,285,63,251,"2014-02-23","08:22:18","","9999","0","DDEEF6","333333","G"
"350",2373251115,"muellerboehm",102,1053,268,33,153,"2014-03-01","14:20:15","Oberhausen Deutschland","1DA1F2","C0DEED","DDEEF6","333333","F"
"351",2405039875,"RonjaKemmer",1032,2200,846,87,760,"2014-03-22","20:52:19","","94D487","0","0","0","C"
"352",2430137675,"MdbWendt",316,1736,245,97,2052,"2014-03-23","03:19:00","Nordsachsen/Berlin","1DA1F2","C0DEED","DDEEF6","333333","C"
"353",2443895924,"BetMueller",4793,2537,589,106,7330,"2014-04-14","13:31:03","","1DA1F2","C0DEED","DDEEF6","333333","S"
"354",2469449068,"ChristianFlisek",694,4350,551,135,2059,"2014-04-08","12:16:11","Passau","1DA1F2","C0DEED","DDEEF6","333333","S"
"355",2496104640,"TobiasMPeterka",18,1259,511,51,429,"2014-05-15","10:45:25","Bayreuth Bayern","1DA1F2","C0DEED","DDEEF6","333333","A"
"356",2521976694,"AnjaKarliczek",1922,6968,238,170,1622,"2014-05-25","05:42:35","Tecklenburg / Berlin","FF9900","0","0","0","C"
"357",2527808433,"ZaklinNastic",2126,1783,432,78,2419,"2014-05-04","10:37:53","Hamburg/Berlin","0084B4","FFFFFF","DDEEF6","333333","L"
"358",2535401947,"Renner_AfD",15626,3875,1882,67,9498,"2014-05-30","16:12:59","Haan Deutschland","1DA1F2","C0DEED","DDEEF6","333333","A"
"359",2545743991,"M_Reichardt_AfD",1249,3640,733,87,2404,"2014-06-04","10:26:57","Deutschland","1DA1F2","C0DEED","DDEEF6","333333","A"
"360",2573238432,"GudrunZollner",364,1671,103,66,1672,"2014-06-17","17:09:59","Dingolfing-Landau Bayern","08B7F7","C0DEED","DDEEF6","333333","C"
"361",2596171296,"Conni_Moehring",3049,3537,1105,126,3775,"2014-06-30","11:04:13","","6F00FF","65B0DA","7AC3EE","3D1957","L"
"362",2617281050,"Lothar_Binding",1153,5823,414,127,1683,"2014-07-11","12:32:53","Heidelberg & Berlin","CC0033","C0DEED","DDEEF6","333333","S"
"363",2618890032,"mrosek1958",878,1739,284,66,2113,"2014-07-11","22:07:33","Dessau-Roßlau Deutschland","1B95E0","0","0","0","A"
"364",2710786593,"ruppert_stefan",148,1527,524,58,198,"2014-07-14","16:38:49","","1DA1F2","C0DEED","DDEEF6","333333","F"
"365",2758602415,"cdu_schweiger",19,277,164,29,399,"2014-08-23","11:53:37","Sangerhausen Deutschland","1DA1F2","C0DEED","DDEEF6","333333","C"
"366",2785989037,"IngbertLiebing",9,540,119,46,74,"2014-09-02","13:06:07","Berlin","389ABD","0","0","0","C"
"367",2797812265,"Thomas_Bareiss",8880,10340,1083,152,3464,"2014-09-08","11:55:12","Zollernalb-Sigmaringen","1DA1F2","C0DEED","DDEEF6","333333","C"
"368",2805274855,"fritzfelgentreu",787,3587,340,129,3082,"2014-09-12","09:17:05","Neukölln Berlin","1DA1F2","C0DEED","DDEEF6","333333","S"
"369",2814949590,"michaelgrossmdb",26,937,257,72,1426,"2014-09-17","13:58:03","Marl","4A913C","0","0","0","S"
"370",2831760211,"AlexanderRadwan",42,1421,96,86,230,"2014-09-25","12:30:02","Berlin","3B94D9","0","0","0","C"
"371",2837971145,"UllaJelpke",188,12115,199,119,1641,"2014-10-20","09:49:39","Platz der Republik Berlin","3B94D9","0","0","0","L"
"372",2842430247,"DeRidder_MdB",220,1604,187,54,666,"2014-10-24","07:47:43","Grafschaft Bentheim - Emsland","DD2E44","0","0","0","S"
"373",2860802891,"MarcusHeld_SPD",377,771,292,60,460,"2014-11-04","14:48:38","Worms - Alzey - Oppenheim","1DA1F2","C0DEED","DDEEF6","333333","S"
"374",2885729417,"Peter_Stein_CDU",4,199,82,38,8,"2014-11-20","15:32:00","","1DA1F2","C0DEED","DDEEF6","333333","C"
"375",2976064481,"StHeck",229,1773,519,52,90,"2015-01-13","08:37:35","","1DA1F2","C0DEED","DDEEF6","333333","C"
"376",3017602065,"GabyKatzmarek",920,831,409,56,1163,"2015-02-04","14:00:14","Rastatt Deutschland","1DA1F2","C0DEED","DDEEF6","333333","S"
"377",3034092143,"michael_g_link",21,1290,364,64,301,"2015-02-13","06:54:35","Heilbronn und Berlin","1DA1F2","C0DEED","DDEEF6","333333","F"
"378",3047392319,"MAStrackZi",3850,5755,1706,133,3214,"2015-02-20","17:27:35","Berlin Deutschland","E5007D","0","0","0","F"
"379",3163499392,"MarkusPaschke",146,1109,199,36,370,"2015-04-13","10:22:33","Ihlow Deutschland","1DA1F2","C0DEED","DDEEF6","333333","S"
"380",3188225915,"KartesMdB",362,394,338,35,318,"2015-04-20","20:23:44","","1DA1F2","C0DEED","DDEEF6","333333","C"
"381",3236928208,"AndreasSteier",9771,1804,1877,92,3364,"2015-05-05","20:47:57","Trier Deutschland","3B94D9","0","0","0","C"
"382",3292982985,"Karl_Lauterbach",167,75349,156,298,3369,"2015-05-21","14:01:21","Berlin Deutschland","DD2E44","C0DEED","DDEEF6","333333","S"
"383",3301440772,"KudlaLeipzig",303,8318,443,71,1138,"2015-05-28","07:27:32","Leipzig Sachsen","1DA1F2","C0DEED","DDEEF6","333333","C"
"384",3337459024,"stadler_svenja",3054,3179,906,60,2233,"2015-06-20","18:29:59","Landkreis Harburg","1DA1F2","C0DEED","DDEEF6","333333","S"
"385",3350681139,"victorperli",1518,1686,1116,50,943,"2015-06-29","13:33:18","Niedersachsen Deutschland","1DA1F2","C0DEED","DDEEF6","333333","L"
"386",3351905747,"AWidmannMauz",1062,3463,285,113,1568,"2015-06-30","15:21:43","","0084B4","BDDCAD","DDFFCC","333333","C"
"387",3376953843,"matthiasbartke",41,3424,259,89,874,"2015-07-15","07:44:18","Hamburg Deutschland","CC0033","0","0","0","S"
"388",3522875063,"Toens_NRW04",11157,919,598,65,2027,"2015-09-02","11:46:13","","1DA1F2","C0DEED","DDEEF6","333333","S"
"389",3635730797,"DerLenzMdB",1550,9530,996,88,1674,"2015-09-12","22:33:12","","1DA1F2","C0DEED","DDEEF6","333333","C"
"390",3667108397,"thlutze",0,251,2,51,304,"2015-09-15","19:41:47","","FF0000","0","0","0","L"
"391",3823042877,"UdoSchiefner",0,1147,49,52,100,"2015-09-30","09:52:07","","1DA1F2","C0DEED","DDEEF6","333333","S"
"392",3852561082,"YvonneMagwas",1108,3819,290,59,510,"2015-10-03","13:03:58","Auerbach/V.","1DA1F2","C0DEED","DDEEF6","333333","C"
"393",3930477322,"KorkmazGT",1739,1308,625,62,415,"2015-10-11","19:28:43","Gütersloh Nordrhein-Westfalen","DD2E44","0","0","0","S"
"394",4017796049,"stamm_fibich",422,555,363,61,22,"2015-10-22","15:37:18","Erlangen-Höchstadt Bayern","1DA1F2","C0DEED","DDEEF6","333333","S"
"395",4097559143,"katarinabarley",7291,45781,1693,524,3190,"2015-11-02","13:41:10","","E3000F","0","0","0","S"
"396",4110374301,"SchickGerhard",246,7956,197,153,3526,"2015-11-04","07:36:26","Berlin Deutschland","3372","0","0","0","G"
"397",4121053541,"Marc_Jongen",78,1908,204,86,249,"2015-11-05","17:59:24","Baden-Württemberg Deutschland","1DA1F2","C0DEED","DDEEF6","333333","A"
"398",4130621842,"Frohnmaier_AfD",562,2315,114,95,755,"2015-11-07","00:49:32","Weil der Stadt/Berlin","1DA1F2","C0DEED","DDEEF6","333333","A"
"399",4164673821,"jankortemdb",426,19074,352,122,1069,"2015-11-11","15:38:47","","89C9FA","0","0","0","L"
"400",4249342037,"MichaelKuffer",45,560,96,47,129,"2015-11-22","11:54:32","München Bayern","1DA1F2","C0DEED","DDEEF6","333333","A"
"401",4265444913,"Norbert_MdB",6304,1757,1086,65,3430,"2015-11-24","15:29:07","Potsdam Brandenburg","1DA1F2","C0DEED","DDEEF6","333333","L"
"402",4429947807,"ElsnervonGronow",6303,2579,543,53,2999,"2015-12-09","20:04:49","Soest Deutschland","1DA1F2","C0DEED","DDEEF6","333333","A"
"403",4503658823,"Witt_Uwe",977,2271,1529,66,734,"2015-12-16","14:17:02","Schleswig-Holstein","3B94D9","0","0","0","A"
"404",4557858142,"ZdebelHubertus",1273,1032,445,67,1040,"2015-12-21","14:30:15","Münster Deutschland","DD2E44","0","0","0","L"
"405",4577700622,"MichaelFrieser",81,742,144,54,201,"2015-12-23","10:47:43","Berlin Deutschland","3B94D9","0","0","0","C"
"406",4724923756,"HajdukBundestag",409,1157,532,82,252,"2016-01-06","13:08:22","Hamburg/Berlin Germany","4A913C","0","0","0","G"
"407",4818645382,"dr_tiemann",839,420,386,34,291,"2016-01-16","17:13:42","","1DA1F2","C0DEED","DDEEF6","333333","C"
"408",4819478705,"DorisAchelwilm",3063,1281,763,55,1641,"2016-01-16","22:40:34","Bremen-Walle","6E6E6E","0","0","0","L"
"409",4866955749,"StefingerMdB",525,1009,905,61,235,"2016-01-31","18:11:21","München Bayern","1DA1F2","C0DEED","DDEEF6","333333","C"
"410",4875914470,"MdB_Lucassen",413,2666,1438,66,208,"2016-02-04","08:13:45","Rhein-Erft-Kreis","1DA1F2","C0DEED","DDEEF6","333333","A"
"411",4926993244,"DrLaunert",307,804,392,50,90,"2016-02-18","07:43:21","Berlin Deutschland ","91D2FA","0","0","0","C"
"412",708224250885348992,"HPFriedrichCSU",144,6163,529,184,1009,"2016-03-11","09:33:14","","1DA1F2","C0DEED","DDEEF6","333333","C"
"413",713361366858482048,"StBrandner",528,5962,704,165,13655,"2016-03-25","13:46:18","Mal hier mal da...","1DA1F2","C0DEED","DDEEF6","333333","A"
"414",717077328669646976,"Jochen_Haug",1108,3000,270,69,733,"2016-04-04","19:52:12","Köln Deutschland","1DA1F2","C0DEED","DDEEF6","333333","A"
"415",719975730784956032,"Schneider_AfD",23721,3587,1195,71,16837,"2016-04-12","19:49:25","Gelsenkirchen","1DA1F2","C0DEED","DDEEF6","333333","A"
"416",724565991104110976,"MdB_Ulrike_Bahr",6,692,104,53,56,"2016-04-25","11:49:28","Augsburg Deutschland","1B95E0","0","0","0","S"
"417",738731811380077056,"josip_juratovic",1323,898,332,66,786,"2016-06-03","13:59:23","Gundelsheim Deutschland","1B95E0","0","0","0","S"
"418",739531034761499008,"Leif_Erik_Holm",853,6916,755,92,1452,"2016-06-05","18:55:13","Mecklenburg-Vorpommern","1DA1F2","C0DEED","DDEEF6","333333","A"
"419",740178046649565056,"c_jung77",2548,1455,2401,55,5066,"2016-06-07","13:46:12","Berlin Deutschland","1DA1F2","C0DEED","DDEEF6","333333","F"
"420",748453543632331008,"LeniBreymaier",3156,1997,339,80,705,"2016-06-30","09:50:05","Aalen Deutschland","1DA1F2","C0DEED","DDEEF6","333333","S"
"421",761127985269371008,"MGerdesMdB",0,136,0,28,0,"2016-08-04","09:13:47","Bottrop / Berlin","1DA1F2","C0DEED","DDEEF6","333333","S"
"422",781747720897891968,"EnricoKomning",446,2141,357,62,381,"2016-09-30","06:49:16","Neubrandenburg Deutschland","1B95E0","0","0","0","A"
"423",784760007275516032,"MuellerChemnitz",2772,998,564,55,1599,"2016-10-08","14:19:00","Chemnitz Sachsen","1DA1F2","C0DEED","DDEEF6","333333","S"
"424",786498202832822016,"HellmichMdB",1036,1172,915,54,1058,"2016-10-13","09:25:58","Bad Sassendorf Deutschland","E3000F","0","0","0","S"
"425",794628172570620032,"StefanKeuterAfD",3755,2464,745,58,2501,"2016-11-04","19:51:34","Essen Nordrhein-Westfalen","1DA1F2","C0DEED","DDEEF6","333333","A"
"426",797137333820785024,"Tino_Chrupalla",81,1543,52,43,196,"2016-11-11","18:02:05","Sachsen","1DA1F2","C0DEED","DDEEF6","333333","A"
"427",801803127762669056,"mueller_sepp",4583,770,451,32,1820,"2016-11-24","15:02:17","Gräfenhainichen Deutschland","E95D0F","0","0","0","C"
"428",802968497831740032,"BraFDP",1249,1168,722,49,630,"2016-11-27","20:13:03","Rheinland-Pfalz Deutschland","FFED00","0","0","0","F"
"429",805823950253149952,"MarcBernhardAfD",885,2401,211,72,924,"2016-12-05","17:19:36","","1DA1F2","C0DEED","DDEEF6","333333","A"
"430",806975237766136064,"mischrodi",206,816,573,47,233,"2016-12-08","21:34:24","Olching","E2001A","0","0","0","S"
"431",808400627084706048,"DerDanyal",4192,2277,1064,76,2434,"2016-12-12","19:58:23","Deutschland","1DA1F2","C0DEED","DDEEF6","333333","G"
"432",810537151729373056,"DirkSpaniel",1363,2839,361,79,2287,"2016-12-18","17:28:10","Stuttgart Deutschland","1DA1F2","C0DEED","DDEEF6","333333","A"
"433",810957560723505024,"PetrBystronAfD",15186,11438,456,136,7612,"2016-12-19","21:18:44","München Bayern","1DA1F2","C0DEED","DDEEF6","333333","A"
"434",814970546366610944,"JoanaCotar",3200,9547,343,103,2833,"2016-12-30","23:04:54","Hessen Deutschland","1DA1F2","C0DEED","DDEEF6","333333","A"
"435",815469233090023040,"DirkWieseSPD",7931,1838,697,77,3645,"2017-01-01","08:06:30","Brilon Deutschland","1DA1F2","C0DEED","DDEEF6","333333","S"
"436",815699423057636992,"M_HarderKuehnel",345,6338,545,104,324,"2017-01-01","23:21:12","Gelnhausen Hessen","1DA1F2","C0DEED","DDEEF6","333333","A"
"437",819914159915666944,"StephPilsinger",66,763,293,45,196,"2017-01-13","14:29:03","München Bayern","1DA1F2","C0DEED","DDEEF6","333333","C"
"438",824210890354520064,"ProfMaier",154,1943,118,66,559,"2017-01-25","11:02:44","Stuttgart Deutschland","1DA1F2","C0DEED","DDEEF6","333333","A"
"439",825019912083037952,"katrin_staffler",52,505,193,34,338,"2017-01-27","16:37:30","Türkenfeld Deutschland","1DA1F2","C0DEED","DDEEF6","333333","C"
"440",825069798140834048,"HoubenReinhard",201,632,201,34,208,"2017-01-27","19:55:43","Köln Deutschland","1DA1F2","C0DEED","DDEEF6","333333","F"
"441",827090742162099968,"ManjaSchuele",4082,2082,952,49,749,"2017-02-02","09:46:14","Potsdam","E3000F","0","0","0","S"
"442",828623998921629952,"nicolabeerfdp",4877,11628,4342,204,7900,"2017-02-06","15:18:51","Frankfurt am Main Berlin","00ABAE","0","0","0","F"
"443",828943222432996992,"WSchinnenburg",1050,782,618,45,1049,"2017-02-07","12:27:20","Hamburg","1B95E0","0","0","0","F"
"444",830085678063030016,"c_bernstiel",108,536,98,38,99,"2017-02-10","16:07:02","Halle (Saale) Deutschland","ABB8C2","0","0","0","C"
"445",831541837965966976,"Rene_Springer",854,2167,407,54,1563,"2017-02-14","16:33:18","Potsdam Deutschland","1B95E0","0","0","0","A"
"446",833398209053606016,"Alice_Weidel",1265,67669,630,479,2188,"2017-02-19","19:29:51","Berlin Deutschland","1DA1F2","C0DEED","DDEEF6","333333","A"
"447",836553428042141952,"RitaHaglKehl",419,1088,441,65,577,"2017-02-28","12:27:34","Deggendorf Deutschland","E81C4F","0","0","0","S"
"448",841412635270761984,"h_weyel",388,2581,140,59,458,"2017-03-13","22:16:19","","1DA1F2","C0DEED","DDEEF6","333333","A"
"449",841904488717901952,"UnserJunge",1,172,39,17,31,"2017-03-15","06:50:46","Wismar Mecklenburg-Vorpommern","1DA1F2","C0DEED","DDEEF6","333333","S"
"450",845213960060243968,"NinaScheer_SPD",29,731,112,57,35,"2017-03-24","10:01:26","Schleswig-Holstein","1DA1F2","C0DEED","DDEEF6","333333","S"
"451",845282647261761024,"KlausMindrup",254,933,266,56,354,"2017-03-24","14:34:22","Pankow Berlin","1DA1F2","C0DEED","DDEEF6","333333","G"
"452",848618993015501056,"GottfriedCurio",19,15539,3590,153,256,"2017-04-02","19:31:49","","1DA1F2","C0DEED","DDEEF6","333333","A"
"453",849060114388705024,"UdoHemmelgarn",47090,5432,3294,90,31272,"2017-04-04","00:44:40","Harsewinkel Deutschland","1DA1F2","C0DEED","DDEEF6","333333","A"
"454",849567328899617024,"AchimKesslerMdB",956,1082,477,49,1144,"2017-04-05","10:20:10","Frankfurt am Main Hessen","1DA1F2","C0DEED","DDEEF6","333333","L"
"455",857001941305634944,"GustavHerzogMdB",10,466,156,60,10,"2017-04-25","22:42:39","Zellertal Deutschland","1DA1F2","C0DEED","DDEEF6","333333","S"
"456",857906951707128064,"JBrandenburgFDP",1007,1613,766,51,573,"2017-04-28","10:38:51","Rhein-Neckar-Kreis Baden-Württemberg","1DA1F2","C0DEED","DDEEF6","333333","F"
"457",861992050358616064,"ChristophFDP",2510,1496,1014,60,2028,"2017-05-09","17:11:34","Berlin Deutschland","009EE3","0","0","0","F"
"458",862747349277449984,"mvabercron",27,417,639,37,26,"2017-05-11","19:12:51","Pinneberg Deutschland","485152","0","0","0","C"
"459",863657874941255936,"S_Muenzenmaier",728,3351,635,72,852,"2017-05-14","07:30:58","Deutschland","1DA1F2","C0DEED","DDEEF6","333333","A"
"460",865920519668989952,"NKleinwaechter",21,2323,162,62,448,"2017-05-20","13:21:54","Berlin Deutschland","1DA1F2","C0DEED","DDEEF6","333333","A"
"461",867351565757239040,"UliGroetsch",554,1596,623,65,798,"2017-05-24","12:08:22","Waidhaus Deutschland","1DA1F2","C0DEED","DDEEF6","333333","S"
"462",868762469115847040,"CorinnaMiazga",60,3164,108,68,147,"2017-05-28","09:34:48","Straubing Deutschland","1B95E0","0","0","0","A"
"463",869205749632830976,"SybilleBenning",17,363,249,35,74,"2017-05-29","14:56:14","Münster Deutschland","FAB81E","0","0","0","C"
"464",872663038805016064,"Martin_Hess_AfD",403,2851,467,70,1321,"2017-06-08","03:54:16","","1DA1F2","C0DEED","DDEEF6","333333","A"
"465",874304935906729984,"carina_konrad",790,1103,876,49,569,"2017-06-12","16:38:35","Rheinland-Pfalz Deutschland","FAB81E","0","0","0","F"
"466",874917828436078976,"DanyWagner_DA",1455,849,417,65,700,"2017-06-14","09:14:00","Darmstadt Deutschland","19CF86","0","0","0","G"
"467",881480498043916032,"Buettner_MdB",3862,1957,72,65,428,"2017-07-02","11:51:42","Stendal Deutschland","1DA1F2","C0DEED","DDEEF6","333333","A"
"468",882929865535704960,"BrunnerGanzOhr",362,691,327,47,418,"2017-07-06","11:50:58","Illertissen Deutschland","1B95E0","0","0","0","S"
"469",885167849685340032,"EspendillerM",442,3228,585,69,388,"2017-07-12","16:03:55","","1DA1F2","C0DEED","DDEEF6","333333","A"
"470",898597063444877056,"koehler_fdp",726,2221,740,37,624,"2017-08-18","17:26:49","München Bayern","1DA1F2","C0DEED","DDEEF6","333333","F"
"471",905516414257257984,"fdpbt",1850,10846,1794,108,5167,"2017-09-06","19:41:51","Berlin Deutschland","1DA1F2","C0DEED","DDEEF6","333333","F"
"472",910878654535750016,"AndreasBleckMdB",420,1845,183,61,1047,"2017-09-21","14:49:29","Neuwied Deutschland","009EE0","0","0","0","A"
"473",912223443231428992,"SteffenKotre",62,2105,523,53,428,"2017-09-25","07:53:11","Deutschland","1DA1F2","C0DEED","DDEEF6","333333","A"
"474",913358838736310016,"Th_Seitz_AfD",386,2012,239,80,1067,"2017-09-28","11:04:51","Berlin Deutschland","1B95E0","0","0","0","A"
"475",916324637046435968,"DrFriesenMdB",183,1990,235,57,572,"2017-10-06","15:29:52","Suhl Deutschland","1DA1F2","C0DEED","DDEEF6","333333","A"
"476",916639458409243008,"JensMaierAfD",1841,3505,552,102,1814,"2017-10-07","12:20:52","Dresden Sachsen","1DA1F2","C0DEED","DDEEF6","333333","A"
"477",920193967937020032,"ChrWirthMdB",47,1750,128,58,399,"2017-10-17","07:45:13","Saarbrücken Deutschland","1DA1F2","C0DEED","DDEEF6","333333","A"
